Neighborhood;BldClassif;YearBuilt;GrossSqFt;GrossIncomeSqFt;MarketValueperSqFt
0;0;1926;239121;34;158
0;1;1909;51387;36.5;170
0;1;1911;167448;35.8;167
1;2;1910;9530;41;201
2;0;1923;182200;31.8;148
3;1;1925;66492;25;104
1;1;1918;43339;38;177
4;1;1923;150782;25.7;107
4;1;1960;320600;32;149
3;1;1924;157300;22;91
5;2;1911;40320;38.4;189
4;1;1951;210000;32.5;151
3;2;1920;8323;23;95
4;1;1928;67882;31.9;149
2;1;1900;44586;33.6;157
4;2;1960;9165;32;149
6;2;1910;9475;32;68
2;1;1925;98609;34;158
7;1;1913;61605;22;91
8;1;1923;85290;34;158
9;1;1976;403200;31;66
10;1;1905;53984;12;25.4
11;1;1929;100530;19.29;72
12;2;1900;11215;16;33.9
13;1;1956;1288976;17.85;67
3;1;1925;98097;21;87
12;2;1926;22220;15;31.8
1;1;1917;61437;42.2;207
14;2;1900;21360;42;206
15;2;1910;14765;36.9;172
16;1;1949;42763;15;51
15;2;1900;5224;49.8;245
5;2;1900;14227;34;72
7;1;1926;199483;25;104
5;2;1910;10105;40.1;197
1;1;1910;12220;41.2;202
4;1;1955;184816;32;149
4;2;1928;10135;43;211
17;1;1994;168963;22.42;93
7;1;1920;45774;23;95
9;2;1920;5898;35;163
18;1;1925;540000;15;51
19;1;1929;161462;30;140
1;1;1930;120073;43.6;214
5;1;1900;40180;30.9;144
14;2;1900;9392;36;167
7;1;1940;24560;28;116
20;1;1955;126300;29;135
4;1;1952;254928;30;140
20;0;1900;43073;31;144
4;1;1937;36432;35;163
21;1;1962;187972;26;107
11;2;1920;11670;18.35;38.9
1;1;1938;79341;40;197
3;1;1926;145625;18.5;69
4;1;1927;159372;25.8;107
4;1;1957;49075;34;158
7;1;1916;97685;25;103
1;1;1964;88231;32;150
15;2;1911;6175;38.1;177
12;1;1916;75679;13;27.6
3;2;1910;21900;21;87
9;1;1923;33492;35;163
22;1;1920;48298;16;54
5;2;1920;8656;34;158
1;1;1924;80985;42.2;207
1;1;1925;69509;35;163
20;0;1909;50313;32;149
5;2;1920;18126;37.5;175
22;2;1909;17330;15;31.8
22;2;1907;15175;15;31.8
1;1;1963;139000;33;153
17;2;1925;31746;11.4;24.16
4;2;1920;10465;40;196
16;1;1939;87400;14;43.6
22;1;1923;81804;12;33.7
23;1;1931;58280;33.9;158
24;1;1930;142971;26.6;110
1;1;1961;159403;31.4;146
23;1;1958;40000;35;163
3;2;1930;17860;23;54
5;2;1910;28200;31.9;149
1;1;1963;158500;34;158
2;1;1963;135315;36.6;171
4;1;1980;301851;33;154
25;1;1963;111428;34.1;159
18;2;1907;13035;14;29.7
3;1;1929;165372;20;75
9;1;1930;54488;34;158
1;1;1941;82608;33;154
4;1;1926;173873;32;149
26;2;1915;12000;25.5;54
4;1;1902;22600;37;173
27;1;1962;780062;20.5;43.5
23;1;1936;9280;35;163
1;1;1961;154506;31;144
5;2;1910;8555;37.4;174
7;1;1927;88396;28;117
4;1;1941;62272;35;164
28;2;1920;20076;26;55
15;2;1900;22000;31.8;148
4;2;1920;9215;32;149
27;1;1920;41236;38.1;187
1;1;1925;116499;33;154
3;1;1926;124351;19.5;73
9;1;1924;32881;35;163
9;1;1924;77008;29;135
4;2;1910;8825;35;163
2;0;1902;24880;35.8;167
20;1;1911;149276;34;158
16;1;1939;87400;14;43.6
28;2;1920;16747;28.6;61
7;1;1910;163032;23;95
9;1;1926;289066;32;149
1;1;1920;36694;45;221
27;1;1920;19408;35.8;166
29;1;1907;69925;35;163
27;2;1870;27111;31.9;149
7;2;1900;14214;32;149
22;1;1910;84102;13.25;41.3
17;2;1920;10870;20.25;43
30;1;1910;41900;30;140
6;1;1900;12500;29;135
3;1;1930;121713;20;75
25;2;1920;8104;37;173
17;1;1900;50760;13.77;29.2
4;1;1910;10560;35.5;166
6;2;1920;21540;28;116
18;1;1936;81781;15;51
7;1;1920;29540;32;149
19;1;1928;14852;34;158
4;2;1910;10065;41;202
3;1;1907;187588;20;75
4;1;1925;49520;30.4;142
10;1;1926;46841;11.89;25.2
19;1;1929;127607;31.4;147
2;1;1960;151500;38.3;188
29;0;1928;127666;32;149
15;2;1940;19440;35;163
19;1;1961;39000;33;154
15;1;1963;399932;27.9;116
30;1;1925;58662;31;144
25;1;1950;28500;35.1;164
7;1;1927;44256;22;91
4;1;1983;57745;31.5;147
18;1;1939;890134;13;40.4
15;2;1920;19438;36;168
1;1;1913;151666;30;140
4;1;1948;116190;28.9;135
1;2;1910;9620;45;221
1;1;1962;212118;31.9;149
3;1;1911;48150;23;95
7;1;1931;190359;25;103
25;2;1920;9620;35;163
6;2;1901;10520;32;68
6;0;1911;31468;28;116
7;1;1929;123217;25;104
4;1;1921;98800;29.9;140
4;1;1928;60150;32;149
10;2;1910;13170;14.74;49.8
4;1;1964;96699;34;158
1;1;1959;163600;40.1;197
7;1;1923;19320;23;95
17;1;1920;55917;11.94;25.4
7;1;1965;303950;25;53
2;0;1920;36389;34.6;161
1;1;1928;49196;34;158
9;2;1910;9465;64;314
4;1;1957;92854;34;158
22;2;1906;16275;17;36.1
4;1;1926;196577;29;135
1;1;1960;12000;41.2;203
29;0;1927;62091;26;108
4;2;1925;8878;32;149
1;1;1929;51270;38;177
7;1;1940;38623;23;95
6;2;1910;9390;31;66
3;1;1900;50658;21.5;89
4;1;1968;193836;32;75
14;2;1920;20885;42;206
9;1;1924;120383;36;168
5;2;1974;59820;22.99;48.8
4;1;1930;231050;30;140
14;0;1920;57486;40;186
7;1;1938;155906;23;96
3;1;1929;151912;22;91
4;1;1929;550905;29;120
31;1;1900;103750;33;153
30;1;1980;22580;37;172
2;1;1902;31756;37.2;173
25;1;1930;87793;33.3;155
9;1;1928;176891;42;206
22;2;1920;19270;13.5;28.6
5;2;1904;18468;31.9;149
4;1;1923;38034;35;163
28;2;1900;9984;34.5;160
1;1;1926;101415;33;154
5;0;1900;30345;36.2;169
5;2;1910;13056;32.6;152
31;1;1910;37960;33.7;157
9;1;1930;77310;32;149
29;2;1920;8508;33;154
5;1;1880;70342;33.4;155
26;2;1920;12180;20.45;43.3
12;2;1905;13535;16;33.9
32;1;1930;22812;35;163
5;1;1968;90450;35.1;164
6;2;1901;14220;37;172
33;1;1971;2075590;29.3;62
17;2;1910;12300;19.76;41.9
3;1;1927;93293;21;87
4;1;1930;67704;29.3;136
9;1;1922;38277;31;144
15;1;1958;94835;28.5;118
4;1;1920;45000;32;149
9;1;1926;56147;33;154
1;1;1928;48894;40.1;197
1;1;1963;217143;31.9;149
30;1;1935;200000;33;154
19;1;1930;118694;30;140
2;1;1920;27000;35;163
23;1;1959;115914;36.1;168
9;1;1964;625517;36;168
2;1;1926;56527;34;158
21;1;1922;82644;36;168
1;2;1910;8395;38;177
7;1;1924;42814;28;130
31;1;1920;43094;28.8;119
7;1;1920;23676;28;116
5;2;1915;9190;37.5;175
28;2;1928;16776;35.8;167
30;2;1920;9535;33;70
19;1;1929;387094;33;154
7;1;1925;161425;23;95
22;2;1900;20316;15.5;32.9
4;1;1929;53736;31;144
19;1;1930;45183;31;144
4;2;1920;8965;33;154
28;2;1900;8750;37.5;175
1;1;1962;80056;33;154
3;1;1930;110740;18;67
2;1;1926;56252;41.7;204
1;1;1915;55639;41.2;203
3;2;1920;14255;22;91
4;2;1920;8830;32;149
4;1;1925;9970;37;173
4;1;1931;211270;30;140
3;1;1964;63550;25;104
12;1;1920;31850;12;33.6
1;1;1975;102593;34;158
19;2;1910;7825;35;164
25;1;1920;17312;36.1;168
31;1;1915;70000;33.3;154
4;1;1962;223473;29;135
17;2;1910;16614;15.66;33.2
31;1;1925;24500;34.7;161
9;1;1968;201052;34;158
4;2;1910;9190;34;159
21;1;1916;89651;34;158
1;2;1910;10060;41;201
1;1;1926;35815;46;226
26;1;1955;1231250;19;71
19;1;1927;128114;29;135
4;2;1920;10465;40;196
1;2;1910;10060;41;201
1;1;1916;116000;41.2;203
4;1;1925;11295;42;206
5;2;1900;31206;38.5;189
7;1;1910;26928;26;108
4;1;1960;215732;29;135
19;1;1929;130000;30.4;142
4;1;1973;138304;32;146
1;1;1924;38630;38.1;187
1;2;1910;11334;39;191
1;2;1910;6875;44;217
30;1;1945;28098;32;149
4;2;1910;8020;29;135
4;2;1900;9215;32;149
23;1;1969;205000;34.9;162
15;0;1909;51206;31.2;145
15;2;1940;37887;29;135
18;1;1920;73272;15;51
1;1;1949;235448;39.1;192
5;1;1890;14328;29.3;137
4;2;1920;8805;34;158
3;1;1930;53971;19;71
1;1;1964;81000;33;154
1;1;1928;43878;38;177
2;1;1952;469263;33;154
7;1;1915;177048;23;95
17;2;1910;8349;20.85;44.2
19;2;1926;15210;40;197
15;2;1910;9580;30.8;65
2;1;1901;40572;36.4;169
17;1;1920;23050;14.29;30.3
14;1;1880;26200;40;196
9;1;1929;117150;35;163
3;1;1910;47234;25;104
4;1;1925;54997;33;154
1;1;1920;87968;29;135
19;2;1910;7825;38;178
29;1;1905;32032;29;135
7;1;1900;11863;31;144
1;1;1959;208373;32.4;151
23;0;1910;26615;29;135
7;1;1931;98081;25;104
29;0;1906;101808;28.5;133
1;1;1926;61051;31;144
15;2;1901;8855;39.5;84
1;1;1963;89890;33;154
1;1;1912;158445;33;154
1;1;1929;98373;33;153
1;1;1962;306968;36;168
1;1;1937;38844;36;168
2;0;1900;29351;32.7;152
5;0;1920;47846;34.5;161
11;2;1900;23142;14.57;30.9
22;2;1910;14025;13.2;28
11;1;1903;55458;13.46;28.5
15;2;1920;10250;28.3;117
9;1;1974;247176;42;206
22;1;1910;44742;13;27.5
7;1;1916;59824;28;116
20;0;1920;38983;31;144
4;1;1958;123333;30;139
19;1;1931;125000;28.3;118
7;1;1928;55217;26;108
1;2;1910;8000;41;201
14;1;1909;40500;36;168
7;2;1900;7288;34;158
3;1;1900;44336;23;95
17;2;1925;12985;15.35;32.6
1;1;1965;175671;32;149
11;1;1900;31500;23.85;99
27;1;1964;194800;21;44.5
20;1;1925;30240;35;163
26;2;1920;19405;19.75;41.9
4;1;1960;416668;31;144
1;1;1929;106001;34;158
7;1;1928;99494;25;104
27;2;1900;11046;36.1;168
9;1;1900;28300;29;135
4;1;1963;293303;29.3;136
26;1;1962;251500;23.7;50
4;2;1930;10090;41;201
7;1;1968;493395;25.4;54
4;1;1922;142368;35.5;166
4;1;1923;64957;33;154
3;1;1915;31850;26;108
4;1;1923;49555;35;163
1;1;1931;187270;35;163
26;2;1920;14701;24.1;51
17;1;1900;59464;11.14;23.54
26;2;1900;10610;32.8;153
4;2;1920;10480;40;197
7;2;1920;9375;38;81
31;1;1920;37400;26.5;110
28;1;1900;18114;26;55
25;1;1960;58000;35;163
7;1;1900;12641;31;145
3;1;1925;55665;18.5;69
17;2;1900;18000;17.54;37.2
1;1;1910;57847;30;140
3;2;1925;21370;19;71
7;1;1900;47487;25;104
19;1;1932;62287;31;144
15;1;1920;18700;28.3;132
23;1;1979;62947;38.5;180
9;1;1910;58266;35;163
12;1;1908;29520;13;27.6
17;1;1920;43178;16.73;63
17;1;1950;69331;11.35;29.4
9;1;1938;38563;39;191
7;1;1909;124208;25;104
5;1;1930;29624;33.4;156
7;1;1910;18840;26;108
3;1;1920;61400;16;54
8;1;1930;141058;24.7;102
15;2;1900;7700;37.7;175
7;2;1910;77620;30;139
26;2;1920;7300;28.3;60
4;1;1930;106905;30.4;141
7;1;1914;61800;20;75
6;2;1910;9925;31;144
17;1;1925;61710;11.34;23.98
4;1;1958;182000;30;140
31;1;1931;55800;33.7;157
4;1;1930;119765;33;154
32;1;1910;13375;35;163
7;1;1930;127289;20;82
30;2;1920;9020;33;70
4;1;1929;115835;30;140
4;1;1926;75798;36;168
2;1;1900;22390;46.4;228
3;1;1925;45340;19;71
7;2;1900;7224;34;158
7;1;1949;51450;23;95
4;1;1960;22600;37;173
9;1;1924;51428;34;158
19;1;1932;75512;31;144
4;2;1900;24864;35;163
7;1;1912;57516;22;91
23;1;1964;133749;33.6;157
1;1;1929;107231;30;140
30;1;1925;65750;30;140
1;1;1963;107780;31;145
7;1;1926;120112;27;112
4;1;1978;20250;34;159
8;1;1924;163969;29;135
4;1;1925;237164;31.4;146
4;1;1967;111231;30.4;142
4;1;1925;176799;31.5;146
31;1;1915;78306;32.7;152
3;1;1920;47851;16;54
1;1;1930;25698;35;163
1;1;1983;254000;43.8;215
1;1;1964;181246;29.8;139
29;1;1900;48552;28;130
9;1;1912;125284;32;149
1;1;1927;130923;42.2;207
1;1;1917;88530;41.7;204
6;2;1901;9525;31;145
7;2;1920;11550;32;149
34;1;1972;36000;16.29;55
34;2;1900;12876;18.05;67
1;1;1931;324854;33;154
8;1;1927;157824;29;135
35;1;1910;25244;30;140
1;1;1959;80080;32;149
11;1;1904;35568;22.33;92
4;1;1929;112083;31;145
4;1;1978;109076;34;159
7;1;1908;46086;30;140
4;1;1926;184263;29;135
4;1;1910;29148;33;154
11;2;1920;8800;16.28;34.5
3;1;1951;75600;17;64
16;1;1926;50066;15;51
7;1;1914;59175;22;91
9;1;1962;367600;32;149
5;1;1940;24192;32;149
20;0;1910;106841;28;116
9;1;1925;104238;32;149
17;2;1926;12787;16.01;33.9
10;2;1910;17216;13;27.6
5;2;1915;7650;37.3;174
30;1;1957;588527;30;140
14;1;1900;31365;34;158
5;1;1940;15084;35.8;167
22;1;1928;43368;9;19.09
27;2;1929;8370;37.5;174
26;2;1920;9519;28.4;118
28;2;1900;10674;33.4;156
5;1;1926;13664;32.2;150
12;1;1920;33451;12;25.4
10;2;1910;17585;13;27.6
4;1;1950;47680;32;149
15;2;1900;8525;37;172
3;1;1916;106704;17.5;65
9;2;1920;14015;33;153
28;1;1920;20460;26;55
3;1;1916;97857;18;67
15;1;1960;1467268;25.9;107
17;1;1970;370814;14.31;30.2
15;2;1920;11680;37.5;175
18;1;1924;45222;15;51
1;1;1920;64853;34;159
15;1;1920;27755;27.4;128
1;1;1959;914921;29.8;139
28;2;1920;17990;28.6;61
7;1;1967;196650;23;48.8
13;2;1926;20988;19.12;71
4;1;1925;54696;27.8;115
6;2;1901;10200;31;144
17;1;1904;51456;10.86;22.93
4;2;1910;36160;35;163
5;2;1973;37620;39.9;85
5;2;1900;6450;38.8;191
1;1;1928;314509;50;250
26;1;1972;198260;29.2;62
18;1;1959;223200;13;27.6
1;1;1961;132724;31.9;148
20;0;1900;36400;33;154
23;1;1935;24090;35;163
15;1;1920;24378;33.6;157
1;1;1948;80860;31;145
4;1;1920;45634;31;144
18;1;1959;133920;15;51
13;1;1926;69840;17.55;66
1;1;1917;103835;33;154
20;0;1910;49520;32;149
15;2;1915;15203;36.8;172
4;2;1910;10035;41;201
16;1;1946;77967;15.31;52
29;2;1901;9575;33.4;71
25;1;1905;15800;36.4;170
4;1;1975;693459;36.5;77
7;1;1928;162075;23;95
25;1;1965;233320;33;154
2;1;1955;392071;39.8;195
25;1;1930;21339;35.6;166
18;2;1907;13035;14;29.7
7;1;1967;323484;22;46.7
17;2;1900;11630;12.82;27.2
25;1;1928;184961;34.1;158
1;1;1924;68693;34;159
4;1;1926;263334;28;116
30;1;1935;70507;26.5;110
18;1;1939;66990;15;51
15;2;1900;7500;33.3;155
6;2;1910;10100;32;68
9;1;1926;74654;32;149
7;1;1970;221587;23;48.7
4;1;1901;37240;35;163
1;1;1963;163496;33.5;156
22;2;1915;15200;15;31.8
30;1;1939;72845;32;150
1;1;1925;77792;40.7;199
22;1;1925;61356;12;33.7
3;1;1920;138633;19;71
7;1;1951;92976;23;95
19;1;1928;63000;32;149
1;1;1913;67600;38;178
3;1;1910;26997;26;108
7;1;1900;20350;32;149
20;0;1909;65150;30;140
27;1;1928;56845;37.2;173
22;1;1910;52542;13;40.5
9;1;1925;27308;38;177
27;2;1910;10083;28.9;120
17;2;1910;35080;16.31;34.5
5;1;1954;24635;34.1;159
3;1;1920;76500;26;108
3;1;1920;112541;18;67
7;1;1915;69094;26;108
7;1;1936;147289;23;95
1;1;1962;103004;33;153
1;1;1925;78000;33;154
19;1;1956;430000;30.4;142
27;1;1964;147730;18.75;39.7
7;1;1923;48184;21;87
6;2;1920;8450;31;144
4;2;1930;10380;34;158
26;2;1910;7200;32.3;150
4;1;1925;60947;32;149
4;1;1959;82430;32;149
4;1;1928;33911;33;154
3;2;1915;9640;20.93;87
5;2;1910;12363;42.1;206
17;2;1920;17100;16.01;33.9
15;1;1900;13550;35.1;163
19;1;1953;155938;29;135
4;2;1920;25264;35.5;165
1;1;1958;163787;32.4;151
17;2;1910;9395;20.85;44.2
7;1;1900;25090;0;137
4;1;1947;94418;32;149
14;1;1930;33204;34;158
1;1;1923;56500;34;158
18;1;1920;81909;14.83;50
4;2;1920;9250;37;172
28;2;1902;17556;28.6;118
15;2;1900;5500;38.2;187
29;0;1926;74368;34.8;163
17;2;1900;25893;13.36;28.3
17;2;1910;13830;18.77;39.8
1;1;1957;195441;32.4;151
25;1;1930;9400;33.5;156
28;2;1925;10405;33.4;156
9;1;1971;421205;40;196
14;0;1910;54600;40;196
4;1;1959;113000;31.5;147
1;1;1926;59279;32;149
4;1;1930;59488;34;158
4;1;1942;89400;29;135
7;1;1939;372186;25;103
4;2;1930;10090;40;196
1;1;1926;62935;42.2;207
7;1;1920;313563;23;95
1;2;1910;7585;44;216
14;0;1900;27500;35;163
19;1;1927;53694;36;168
4;2;1910;9225;34.5;160
4;2;1910;10340;40;196
26;1;1964;126150;17.75;37.7
4;2;1920;10715;41;202
4;1;1957;281825;32;149
3;1;1923;190890;20.5;76
4;1;1925;104000;29.4;137
9;1;1920;46621;30;140
34;1;1974;2046455;15.62;33.1
23;1;1900;14990;35;163
9;1;1930;209780;33;153
3;1;1925;18576;27;112
9;1;1920;57086;34;158
18;1;1937;17436;15;51
2;2;1900;11343;39;191
25;1;1964;190000;38;177
4;1;1915;112078;34.5;161
7;1;1926;380920;25;103
23;1;1912;111227;32;149
23;1;1910;45920;36;168
12;1;1915;59196;14.4;30.6
9;1;1924;54976;35;163
3;1;1925;36045;25;103
19;1;1938;206411;31;144
4;2;1920;9375;37;173
30;1;1938;82835;31;145
18;1;1940;21456;15;51
17;2;1926;12230;19.76;41.9
14;2;1925;7283;36;168
34;2;1910;6032;17.97;38.1
1;1;1917;90881;33;154
15;0;1920;32322;30.6;143
32;1;1970;927591;31;66
30;2;1920;19465;32;68
25;1;1945;21000;35;163
12;2;1920;17895;12;25.4
20;0;1903;27075;33;154
4;1;1967;130500;29;61
4;1;1920;52900;32;149
22;1;1921;26400;18;38.3
4;1;1983;25406;35.5;166
14;1;1909;35735;34;158
3;1;1900;18960;27;63
1;1;1966;159929;33;154
4;1;1928;60192;36;168
4;2;1910;8745;33;153
9;1;1928;162676;38;177
5;2;1900;7000;34;159
1;1;1920;21920;44;216
9;1;1927;92239;27;112
7;1;1906;98373;26;108
15;0;1940;49880;32.5;151
31;0;1920;89724;30.6;143
6;2;1920;13574;32;68
4;2;1905;9895;32;149
4;1;1925;86666;32;149
7;1;1910;100977;25;104
19;1;1924;51576;37;172
5;1;1922;31750;33.4;156
4;1;1974;340068;33;154
4;1;1973;114000;38;177
1;1;1963;150740;29;135
4;1;1951;195000;32;149
17;1;1910;38255;18;38.2
11;1;1930;201723;19.68;73
16;1;1925;47477;15;51
1;1;1928;55883;34;158
17;1;1920;18530;11.74;24.88
1;2;1910;14280;37;172
30;2;1930;10600;32;149
9;1;1917;66917;33;154
33;1;1901;79422;28.5;118
7;1;1926;203217;31;144
4;2;1915;9185;34;158
4;1;1970;10000;34;158
23;1;1942;45300;35;163
19;1;1929;261401;36;168
19;1;1967;443522;30.4;142
4;2;1920;8590;34.5;161
9;1;1910;132291;35;163
5;2;1911;23398;35.9;167
9;1;1969;400000;32;149
1;1;1960;104000;40.1;197
22;2;1911;24625;16.5;35
5;0;1900;18969;35.3;164
9;1;1902;18940;41;201
28;1;1950;553660;18.5;39.2
19;1;1960;20400;33;154
7;1;1927;100137;25;104
23;1;1965;15360;35.2;164
9;1;1910;119866;34;159
15;2;1910;10800;37;79
23;1;1960;82826;34;158
14;1;1920;42240;36.8;171
19;1;1931;93153;38;177
14;0;1910;37050;34;158
27;1;1920;25818;34.6;162
19;1;1955;90000;30;140
23;1;1929;57834;34;158
1;1;1928;203490;32.4;151
1;1;1928;138990;32;149
20;0;1908;49520;31;144
10;1;1926;50388;12.33;34.7
4;1;1963;116824;34;158
3;1;1916;119228;18;67
7;1;1914;53370;21;87
9;1;1926;28971;33;154
9;1;1918;80463;29;135
19;2;1930;12235;41;201
5;1;1929;93291;33.8;158
4;1;1924;78613;34;159
23;1;1940;75273;36.3;169
27;2;1900;10794;35.2;164
4;1;1962;148031;36;168
2;0;1905;59248;32.1;149
4;1;1957;230473;35;163
10;2;1905;19390;18.51;39.2
1;1;1931;29000;38;177
9;1;1975;22626;40;196
22;1;1915;61902;12;33.8
1;1;1963;136820;29.3;137
28;2;1915;13524;28;59
30;1;1920;48810;30;140
8;1;1904;46014;31;144
19;1;1959;537750;33;154
6;1;1957;40512;27;112
7;1;1920;47349;22;91
22;2;1911;18005;14;29.7
11;2;1920;8800;16.28;34.5
34;2;1910;4578;17.97;38
12;2;1920;13195;16;54
1;1;1964;100600;33.5;156
4;1;1923;166158;28.9;135
28;2;1940;22117;28.7;119
15;2;1900;6135;31;144
7;1;1940;22150;21;87
4;1;1962;207546;32.5;151
1;2;1920;17736;34;158
12;1;1964;400800;11.05;23.43
1;1;1916;76745;34;159
34;2;1910;24365;15.46;32.8
5;2;1908;23039;42.5;209
18;1;1925;58904;15;51
18;1;1909;56814;15;51
31;2;1915;22363;31.8;148
5;2;1910;5984;36.8;170
23;1;1957;74798;34.8;162
4;1;1925;39222;34;158
5;2;1900;16026;36.2;168
21;1;1929;375239;33;154
14;1;1920;40180;34;158
15;1;1920;19470;46.2;227
18;1;1939;55776;15;51
1;1;1957;122346;30;140
1;1;1917;67685;39.1;192
4;1;1922;57726;27.8;115
9;1;1925;105996;33;154
4;1;1929;112332;30;140
23;1;1955;118467;34;159
17;1;1910;79932;8.02;17.01
14;0;1903;86018;36;167
30;2;1920;9975;37;78
7;1;1929;156360;30;139
14;2;1900;13758;35;163
15;1;1939;62586;33.9;158
1;1;1917;48338;34;158
28;2;1929;6870;38.3;188
12;2;1900;16476;12;25.4
1;1;1964;151009;33;154
22;1;1910;42000;16;37.4
4;1;1910;29910;33;154
22;1;1941;318505;15;51
13;1;1926;41214;25.2;104
4;1;1913;32762;33;154
5;2;1910;11592;37.1;173
9;1;1910;18569;35;163
19;1;1926;231680;30;140
4;1;1973;345242;32;149
4;1;1920;54684;31;144
1;1;1929;108817;41.2;202
14;1;1920;22104;40;196
19;2;1900;6040;32;149
12;1;1920;32022;12;25.5
31;0;1910;30000;33.5;156
30;1;1900;167076;36;168
31;1;1915;23700;32.8;153
9;1;1900;10174;50;246
9;1;1915;26911;38;177
5;1;1930;69755;35.8;166
10;2;1905;19270;18.51;39.2
30;2;1920;10735;32;68
30;1;1963;564196;35;163
4;2;1910;8320;34;159
9;1;1917;125030;35;163
4;2;1910;8465;35;163
30;1;1916;38928;33;154
25;1;1963;112641;33;154
26;1;1920;20680;30.3;64
18;1;1939;102150;15;51
1;2;1910;13500;36;167
4;1;1920;20615;36;168
19;1;1975;1142297;31.4;146
1;1;1931;200244;32.4;151
7;1;1910;32067;22;91
4;1;1920;7625;36.5;170
1;1;1959;92744;33;154
4;2;1925;9185;34;158
25;1;1973;250220;33;154
4;1;1963;184745;32;149
19;1;1956;217285;30;140
9;1;1930;490265;31;144
5;1;1925;22530;33.3;155
1;1;1947;143437;32.4;151
11;1;1920;19066;18.84;40
5;1;1920;44385;35.3;164
1;1;1938;62100;42;206
1;1;1929;21162;44;216
3;1;1910;47020;24;99
7;1;1927;67953;25;104
1;1;1917;104092;43.8;215
15;1;1930;37782;27.8;115
22;2;1911;23442;16.5;35
4;2;1910;9860;45;221
7;1;1922;223179;25;104
1;1;1963;147000;30.9;144
4;1;1930;58110;29;135
15;1;1940;159090;35.1;163
4;1;1928;77426;34;159
17;1;1920;16695;11.74;24.92
13;2;1920;17034;33.9;72
19;1;1960;105749;33;154
4;2;1920;17510;39;191
27;2;1900;7980;33.7;157
19;1;1930;47242;31;144
4;1;1928;81180;29;134
4;2;1920;10465;40;196
4;1;1966;169507;34.5;160
27;2;1910;16916;36;168
11;1;1900;21168;19.1;40.5
6;1;1957;104966;26;108
19;1;1959;93000;32;149
12;1;1920;20970;14;29.7
2;1;1929;65926;36;168
14;2;1900;25159;27.4;114
1;1;1963;183013;33.5;156
15;2;1920;9700;37.1;173
2;0;1940;52000;40;196
4;1;1926;181136;25.8;107
7;2;1910;14100;32;149
12;2;1910;17500;12;25.4
15;2;1850;13200;34.1;159
17;1;1921;33873;11.42;24.21
23;1;1890;24898;35.1;164
4;1;1925;165357;25.7;106
17;1;1920;23380;14.18;30.1
19;2;1910;7550;38;177
32;1;1965;197904;38;155
7;1;1927;44876;23;95
9;1;1920;11224;33;154
6;1;1911;31000;27;112
1;1;1940;143244;32;149
4;1;1928;233923;28.9;135
1;2;1910;8000;41;201
6;2;1910;10945;31;144
4;1;1962;44750;32;149
7;1;1927;282295;23;95
18;1;1935;91968;15;51
5;2;1979;13156;36.9;172
4;1;1951;154575;29;135
4;1;1965;255420;30;140
3;1;1920;74899;23;95
27;1;1928;97896;38.1;187
12;2;1905;13535;16;33.9
15;1;1963;371863;29.6;138
30;2;1920;9336;46;97
7;1;1915;21692;31;66
7;1;1900;28206;36;168
22;2;1908;17780;14;29.7
4;1;1963;260000;30;140
33;0;1900;41203;36.5;170
29;1;1930;11666;35;163
10;2;1910;15430;21.92;46.5
19;1;1930;88181;30;139
16;1;1925;63527;14;43.6
22;2;1925;32540;12;33.8
2;1;1922;62409;38.1;187
4;1;1985;50676;34;158
15;1;1963;80977;40;196
2;1;1929;141877;32.8;153
1;1;1970;27888;35;163
4;2;1915;9675;33;154
16;1;1956;70245;14;43.6
4;1;1911;128635;34;159
26;2;1900;23260;28.9;120
12;2;1930;20787;15;31.8
9;1;1916;39466;33;154
25;1;1900;37802;36.8;171
2;2;1900;11210;39;192
22;1;1963;646044;15;31.7
4;1;1927;203706;34;159
9;1;1900;309608;37;172
28;2;1928;11802;34.6;161
25;1;1960;47000;38.1;187
7;2;1900;11855;35;74
19;1;1928;73676;30;140
4;1;1923;68542;36;168
20;1;1964;415000;25;104
17;1;1920;65036;15.97;33.8
9;1;1905;41800;33;154
15;1;1963;201369;27.6;114
25;1;1920;14981;35;163
15;0;1909;68671;26.9;112
15;2;1911;6175;38.1;177
25;1;1987;150340;38.6;190
9;1;1917;63495;35;164
30;1;1910;29085;33;154
7;1;1915;84026;22;91
27;1;1929;121406;29.4;137
18;1;1961;222714;13;27.6
4;2;1920;8590;34.5;161
2;1;1929;121128;33;154
28;2;1900;19354;25.1;53
7;1;1912;33102;28;131
2;0;1906;46350;34.5;161
18;1;1926;66456;16;54
7;1;1930;608532;30;124
14;2;1900;20190;42;206
18;2;1924;18340;14;43.6
12;1;1904;29750;12.81;36
5;2;1900;6300;38.9;190
2;1;1929;160896;32.9;154
4;1;1958;35000;36.5;170
12;2;1910;12745;16;33.9
11;1;1930;46416;18.59;39.4
25;1;1959;193695;33.6;156
8;1;1930;23472;37;173
6;2;1920;59043;30;64
4;2;1920;7650;46.8;230
15;0;1910;28250;23.01;95
11;1;1941;34692;22.33;93
17;1;1904;31752;14.18;30.1
2;1;1940;45720;41.2;203
9;1;1910;19190;33;154
4;1;1923;9995;39;191
15;2;1920;9645;33.2;154
14;1;1910;14700;38;177
10;2;1905;19480;18.51;39.2
26;1;1960;1034940;20.9;78
18;1;1910;52782;15;51
4;1;1925;207542;35.5;166
20;0;1907;102017;28.5;132
5;1;1961;142941;34.1;159
28;0;1940;16550;30.5;142
3;1;1922;61344;33;154
19;2;1902;17076;35;163
4;1;1961;91090;34;158
15;1;1963;233429;25;104
1;1;1938;62100;42.2;208
25;2;1930;7670;37.2;173
17;2;1926;17455;16.01;33.9
12;2;1920;12585;16;33.9
15;0;1923;56967;29;135
19;1;1967;443522;30.4;142
1;1;1923;183919;33.3;155
14;0;1900;76550;36;167
12;2;1900;15084;12;25.5
3;1;1909;102951;21;87
24;2;1905;28512;27.7;59
1;2;1910;9620;45;221
27;2;1900;8845;29.8;139
19;1;1967;91282;32;149
15;1;1930;44800;36.8;172
9;2;1910;5525;35;163
4;1;1958;250097;33.5;156
9;1;1925;100772;32;149
4;1;1941;32658;35;163
5;1;1961;94144;34;158
29;0;1922;39471;32.6;152
17;2;1900;11246;15.35;32.5
31;1;1921;60600;26;108
4;1;1925;70322;31.9;149
19;1;1948;147000;28;116
17;2;1940;34560;16.33;34.7
15;1;1920;10015;40.9;191
17;1;1930;27709;16.11;34.1
4;1;1908;102881;31;145
28;2;1937;12636;29.8;63
4;1;1925;122701;32.4;151
1;2;1910;8166;36;168
2;1;1926;269119;38.6;190
4;2;1910;43080;35;163
26;2;1920;8750;23.2;49.1
4;2;1920;9764;45;221
6;1;1929;114992;26;108
23;1;1955;153693;33.2;155
9;1;1905;66847;30;140
26;1;1972;228000;19.25;40.8
24;1;1963;108402;30;139
5;1;1962;92998;35.5;166
14;1;1915;85676;31.6;147
7;1;1901;78725;28;116
3;1;1930;37345;28;116
7;1;1929;396076;25;104
3;1;1907;27592;23;95
8;1;1927;73125;34;159
6;2;1920;35625;30;64
34;2;1910;8530;18.24;38.7
7;1;1936;52990;21;87
4;1;1910;13000;37;172
14;1;1900;9924;38;177
30;1;1941;57500;30;140
19;2;1900;6440;44;216
4;1;1910;33500;37;172
18;1;1927;39708;15;51
2;0;1930;196920;39.4;193
5;0;1920;63000;35.7;167
1;1;1948;46230;32;149
1;1;1929;75133;32;149
14;1;1895;49170;36;168
4;1;1926;64058;29.9;139
4;1;1929;166317;26.7;111
11;1;1913;17875;23.33;97
1;1;1927;51988;38;177
14;1;1900;30500;27;112
18;1;1923;63600;15;51
1;1;1925;36301;32;149
1;1;1928;192445;37.1;173
28;2;1900;8655;37.8;177
14;1;1959;43346;36;168
7;1;1910;21258;27;112
19;1;1962;115020;33;154
6;2;1901;7500;31;144
28;2;1900;21255;23.35;49.4
19;1;1955;319696;29;135
1;1;1962;39375;36;168
15;0;1906;77530;31.7;148
4;1;1912;48432;34;158
13;2;1901;16746;18.31;69
17;2;1909;15740;23.86;51
6;2;1901;7640;31;144
7;1;1925;141426;24;100
22;2;1907;20026;16.5;35
15;0;1920;44004;28;116
7;1;1924;94659;25;104
7;1;1900;10568;31;145
17;1;1910;33230;16.73;35.5
14;0;1903;60000;36;168
4;1;1971;154185;32;149
3;1;1926;114330;19;71
15;0;1900;32950;30.3;141
6;2;1910;8175;31;144
6;2;1901;10200;31;144
2;1;1900;60692;32;149
4;1;1928;51475;30.4;142
7;1;1911;56949;29;120
6;2;1920;9920;31;144
4;1;1925;162651;26.7;111
5;2;1910;9270;38.3;188
3;1;1915;26000;25;58
22;1;1912;40778;13;27.5
14;0;1900;28158;27.9;115
7;2;1900;6150;34;158
1;1;1914;130533;32;149
28;2;1925;20076;24.6;52
19;1;1928;71784;32;149
3;1;1912;141460;22.5;93
9;1;1948;79050;39;191
15;2;1910;13830;36.9;172
12;2;1926;17380;12;25.4
7;1;1929;600613;29;135
5;1;1930;36760;26.7;124
11;1;1931;100316;19.29;72
1;1;1932;89016;33;154
28;2;2001;9664;38.8;190
1;1;1914;95615;43.7;214
7;2;1900;10910;53;260
1;1;1929;63488;35;164
1;1;1917;156390;39.1;192
1;1;1930;216186;32;149
15;0;1909;45451;32.6;152
34;1;1920;22068;18.27;38.7
28;2;1900;12030;25.4;54
15;2;1850;6900;32.6;152
4;2;1910;19148;39;192
22;1;1930;326008;15;51
23;1;1940;55737;35;163
14;1;1900;32088;26;108
25;1;1927;78382;33.3;156
16;1;1925;62263;14;43.5
4;2;1910;11930;36;168
9;1;1925;148845;34;159
1;1;1966;388735;31.9;149
21;1;1920;33800;33;154
17;2;1910;20660;15.64;53
9;1;1929;182048;35;163
4;1;1910;64922;29.3;136
19;2;1900;6040;32;149
14;0;1900;70759;40;196
2;1;1952;100591;34.3;160
25;1;1962;222543;34.4;160
18;2;1909;20720;14;43.6
25;1;1972;158337;34;159
2;0;1900;36016;34.7;162
4;1;1964;112037;30;140
1;1;1930;161572;33.4;156
29;0;1924;61418;30;140
7;1;1901;40916;26;108
19;2;1900;6040;32;149
4;1;1929;142075;34;158
4;1;1930;146235;33;154
4;2;1920;19148;39;192
8;1;1926;124081;23;95
17;1;1913;46410;14.96;31.7
1;1;1925;47245;35;163
6;2;1901;9730;32;68
20;0;1920;22000;33;154
25;1;1965;161931;38;177
19;1;1931;67000;31;144
18;2;1925;34200;14;43.6
4;1;1963;156729;29;135
16;1;1953;55296;15;51
1;1;1915;147257;34.5;161
15;2;1901;9985;34.1;158
25;2;1900;11935;29;61
25;0;1914;42067;36.4;169
23;1;1941;211910;34;159
6;2;1910;8175;31;144
7;2;1900;12628;33;154
19;1;1974;315078;31.9;149
25;1;1950;40904;35.2;164
23;1;1916;142836;34;158
4;2;1930;10090;41;201
27;2;1900;7001;37;173
12;2;1900;9410;15;31.8
1;1;1910;9435;36.4;170
5;2;1915;24116;31.9;149
13;2;1920;21582;19.12;40.5
3;1;1922;145480;19;71
26;2;1900;8845;39;83
2;1;1921;156650;40.2;197
19;1;1930;86182;30;139
15;2;1901;10524;40.9;200
36;1;1960;515425;28.9;120
1;1;1928;21814;38.1;187
13;1;1912;50220;20.99;87
7;1;1930;15658;39;181
23;2;1920;6876;31;144
4;1;1924;119281;30;140
9;1;1924;30265;32;149
10;2;1910;9720;21.57;45.8
14;2;1910;9398;36;168
1;1;1912;64827;43.2;211
6;2;1901;9650;32;68
1;2;1910;11010;38;177
20;0;1905;37857;31;144
14;2;1900;12662;35;163
9;1;1927;178893;32;149
1;1;1963;112900;33;154
7;1;1918;117216;25;103
2;1;1957;77829;29.6;137
12;2;1900;12585;16;33.9
12;2;1910;12270;16;54
2;0;1930;115000;39.1;192
15;2;1915;12080;32.9;153
1;1;1913;95603;29;135
22;2;1907;13280;14;29.7
19;1;1960;87100;32;149
1;1;1927;63296;34.5;161
21;1;1923;57000;35;163
14;2;1920;11070;35;163
15;1;1900;22700;31.1;144
14;0;1900;27150;35;163
13;1;1910;148982;19.93;75
1;1;1927;88829;33;154
27;1;1920;13950;39;191
7;1;1923;39941;22;91
4;1;1917;51184;35.5;165
19;1;1928;94516;32;149
18;1;1941;43737;15;51
1;1;1961;272440;38.1;187
1;1;1930;243000;30.9;144
2;0;1900;32440;30;140
23;1;1930;28250;35.4;165
5;1;1961;364679;31.8;148
1;1;1958;177975;32.9;153
5;2;1900;25281;38.8;190
25;1;1931;98359;33.9;158
19;1;1930;418312;33;154
13;2;1920;19504;19.12;40.6
14;0;1900;27150;35;163
18;1;1951;101108;15;51
28;1;1920;16914;26.5;56
7;1;1900;65522;20;83
9;1;1922;41034;31;145
14;1;1920;20068;31.4;146
1;2;1910;11550;39;191
1;1;1918;62352;38;176
4;1;1929;114003;30;139
4;1;1915;166596;36;167
19;1;1951;455000;30.4;142
9;1;1926;58723;35;163
14;2;1900;22513;42;206
7;2;1900;15240;32;68
8;1;1926;155979;29;135
11;1;1901;49721;13.46;28.6
2;0;1903;37380;36.1;168
28;2;1937;11610;28.7;119
17;1;1920;29715;11.13;23.59
18;1;1917;60355;15;51
4;1;1910;147991;32;149
32;2;1910;11718;33;154
1;1;1963;160311;33;153
1;2;1910;13500;36;167
2;1;1924;95117;37.8;186
34;2;1910;9245;17.97;38.1
15;0;1910;53350;30.9;144
22;1;1910;48210;12.5;29.2
27;1;1950;13000;39;192
9;1;1975;186737;35;163
12;1;1920;31430;12;25.5
5;2;1960;215890;22.23;47.2
1;1;1913;66745;31;144
5;0;1939;100320;35.2;163
1;1;1950;18450;32;149
9;1;1907;64421;27;112
17;1;1904;57516;12.78;27.1
1;1;1903;23521;40;196
5;2;1900;12271;38.7;190
4;1;1963;137375;29;135
4;1;1921;16800;43;211
16;1;1951;62110;14;43.6
7;1;1905;101145;30;139
26;2;1900;8928;38.5;189
26;1;1964;136070;18;67
1;1;1920;43410;38;177
18;1;1926;57796;15;51
3;1;1926;166617;19.5;73
3;1;1917;53297;21.5;89
3;1;1910;53093;20;75
15;2;1917;24462;33.9;158
4;1;1929;166600;25.8;107
1;1;1955;181000;33.5;156
25;1;1929;138470;32;149
22;2;1905;16795;14;29.7
1;1;1960;132748;33;154
28;0;1920;31500;28;116
3;1;1922;132981;18.5;69
19;1;1930;93096;31;144
7;1;1910;25270;21;87
28;2;1930;14910;26;55
5;2;1900;36850;34;72
4;1;1959;42570;34;158
1;1;1923;97328;33;154
5;2;1947;10000;37.5;175
4;1;1929;73878;31;145
34;2;1930;17400;16.38;34.7
23;1;1900;7495;35;163
4;1;1929;94409;30;140
22;1;1923;81804;12;33.7
1;1;1930;64874;34;159
4;2;1915;9180;44;216
2;1;1952;67421;36.2;169
12;2;1926;15072;12;25.4
30;1;1909;120738;33;154
17;1;1900;33953;14.85;31.5
7;1;1923;139009;23;95
35;2;1920;7825;26;108
4;1;1926;211870;34.5;160
7;1;1924;51925;21;87
1;1;1962;77928;32;149
11;1;1920;19690;23.33;96
5;1;1930;141000;36;167
25;1;1903;48234;35.2;164
4;1;1905;25000;34;158
2;1;1903;38372;35.7;166
9;1;1962;426476;32;149
17;2;1910;13590;18.77;39.8
15;1;1950;31759;31;145
20;0;1905;22220;32;149
4;1;1920;42250;34;158
3;2;1910;9755;23.5;55
11;1;1900;33058;22.33;93
12;2;1920;13191;16;33.9
1;2;1910;9720;43;211
2;2;1900;9580;41.8;205
4;1;1941;46032;35;163
29;2;1920;9455;33.3;71
7;1;1950;56023;23;95
7;1;1913;71126;25;104
4;2;1920;8590;34.5;161
5;2;1915;8125;38.2;187
1;1;1928;132611;32.9;153
7;1;1929;202485;23;95
19;1;1930;12235;36;168
7;1;1923;42707;22;91
22;2;1910;34230;15;51
6;2;1901;9730;31;145
4;1;1910;22812;32.5;151
34;2;1910;8530;17.97;38.1
4;1;1923;10220;41;202
3;1;1925;38334;33;154
9;1;1926;68989;27;112
15;0;1907;50400;31.5;147
10;2;1910;19255;21.92;46.5
16;1;1939;87400;14;43.6
1;1;1963;325173;31;145
1;1;1940;220003;40.1;197
1;1;1930;132385;33;153
12;2;1906;17380;12;25.4
29;1;1930;24646;32;149
28;1;1900;30018;25.2;54
3;1;1918;41132;19;71
1;2;1910;98580;35;163
7;1;1926;64968;22;91
2;1;1900;73098;35.6;166
1;1;1920;28080;46.9;230
4;2;1905;9324;33;153
27;2;1900;6605;39.2;192
28;2;1910;10585;30.7;65
1;1;1958;276481;31;144
4;2;1910;8562;41;201
2;2;1909;44249;42.9;211
10;2;1910;20868;13;27.6
15;2;1921;13004;32.3;151
3;1;1920;78701;26;108
19;1;1928;249299;34;158
19;1;1960;58500;34;158
3;1;1926;94455;20;75
17;2;1900;29269;15.46;32.8
5;1;1918;31128;33.7;157
4;1;1926;49435;34;158
1;1;1910;22341;37;172
12;1;1926;41460;11;23.32
27;1;1920;22266;36;168
3;1;1920;46810;22.5;93
4;1;1980;192445;37.7;176
10;1;1926;104187;19.54;41.5
23;1;1953;200000;34.8;162
22;2;1910;15175;15;31.8
10;1;1910;41702;12;25.4
19;1;1929;92593;31;145
5;1;1964;165436;36;167
10;2;1910;12640;13;27.5
19;1;1977;406179;40;196
28;1;1950;8720;34.3;159
4;2;1920;11930;36;168
17;1;1910;37875;16.73;35.4
4;2;1920;10715;41;202
17;1;1912;46752;14.96;31.7
4;2;1930;17580;37.5;175
28;2;1900;12330;36;76
26;2;1920;10070;31.9;149
4;1;1962;10190;39;191
2;1;1925;60583;32.2;150
19;1;1928;149000;34;158
27;2;1900;13110;37.1;173
15;2;1900;6500;36.2;168
19;1;1960;125800;33;153
4;1;1929;124648;36.6;170
20;0;1908;60139;33;154
4;1;1962;81215;32;149
22;1;1924;76536;12;33.7
1;1;1949;91285;33;153
7;1;1971;224530;25;53
1;1;1928;93515;38;178
25;1;1930;151832;34.5;161
19;1;1988;129255;35;163
6;2;1910;19471;29;135
26;2;1920;11652;31.3;146
1;1;1967;350000;31.9;149
34;2;1920;8000;17.97;38.1
14;0;1920;37904;27.7;129
25;2;1903;16278;35;163
14;0;1900;34944;30;140
17;1;1900;50500;11.94;25.3
10;2;1901;11490;20.65;43.8
4;1;1973;759187;29.5;63
9;1;1936;127782;38;177
4;2;1920;9250;47;230
12;2;1880;16950;12;25.4
4;1;1923;147065;36;168
26;2;1900;9000;33.7;71
9;1;1963;243741;36;168
9;1;1926;203479;34;158
25;1;1930;22476;34;158
4;1;1927;204195;29;135
7;1;1911;51453;21;87
2;1;1927;238923;43.1;212
2;0;1910;93396;36.4;169
4;1;1923;33402;34;158
1;1;1927;208986;28.3;117
5;2;1910;11405;38.6;189
4;1;1961;431000;32;149
5;0;1911;39750;35.2;164
19;1;1931;460973;31.7;148
30;1;1948;61584;31;144
26;2;1900;11398;29.8;63
19;1;1939;32000;34;158
5;1;1900;37968;35;163
10;2;1926;16160;21.92;46.5
1;1;1924;149056;33;154
15;1;1938;62158;33.8;157
5;2;1920;7100;37.3;173
1;1;1920;14590;39;191
25;2;1930;4332;35;163
17;2;1910;15070;18.78;39.8
4;1;1925;196727;28.8;134
22;2;1907;17466;14;29.7
7;1;1901;66754;25;104
3;1;1910;121922;21;87
29;0;1925;56513;33.4;155
5;1;1959;62772;35;162
4;2;1930;8590;36;168
4;1;1915;51792;34;158
19;1;1969;870000;28.3;132
9;1;1918;126557;35;163
17;2;1920;15645;23.86;99
27;1;1929;120605;29.4;137
5;2;1915;13968;37.6;175
2;0;1900;25132;32.6;152
19;1;1970;124060;34;158
18;1;1954;218536;13;40.5
22;1;1926;47580;16;54
5;2;1910;8617;38.9;190
28;2;1930;14653;41.2;202
28;2;1928;11802;34.6;161
4;1;1916;164672;26.8;111
9;2;1910;11655;38;177
6;2;1910;9660;32;68
1;2;1910;10060;41;201
9;1;1912;80613;33;154
15;2;1910;31715;30;140
27;2;1920;10000;36.5;77
15;2;1925;18612;26.9;111
19;1;1927;215715;29;135
7;1;1910;84367;25;104
4;1;1929;93924;34.5;161
4;1;1966;202777;33;154
1;1;1962;223000;32;149
4;1;1912;53220;30;140
7;2;1910;18354;32;149
4;1;1915;68731;38;178
7;1;1926;28764;28;116
12;1;1926;22224;12;25.4
15;2;1920;8020;36.2;168
7;1;1964;20358;26;108
6;1;1940;43809;27;112
1;1;1958;218064;33;154
1;1;1931;166862;33;153
1;1;1930;103360;33;154
4;1;1925;9820;35;163
14;2;1900;18056;35;163
4;1;1962;117879;34;159
14;0;1885;61999;33;154
3;2;1910;9280;23.5;55
27;1;1920;15600;38.9;191
14;0;1900;33250;30;140
6;1;1910;20160;29;135
4;2;1910;8320;34;159
8;1;1959;212000;21;87
22;2;1900;26650;16.5;35
7;1;1926;82655;22;91
28;2;1937;12948;29.8;63
1;2;1910;13500;36;167
25;1;1956;99238;34;158
4;2;1911;10340;40;196
20;1;1938;32415;38;177
34;2;1930;20190;16.38;34.7
12;2;1910;12570;16;33.9
3;1;1910;55868;19;71
4;1;1962;94727;30.5;143
4;2;1920;9530;37;182
30;1;1933;18506;36;168
14;1;1900;40130;30;140
4;1;1963;217720;32;149
5;0;1905;32000;34.4;160
18;1;1963;201206;15;31.8
1;1;1962;143590;33;153
5;2;1900;10105;32.2;149
2;1;1926;101840;32.7;152
1;1;1940;224000;40.1;197
2;0;1900;64377;33;154
32;1;1920;14292;35;163
18;1;1968;43196;15;51
3;1;1920;48000;23;95
1;1;1960;192666;40.2;197
2;0;1900;40061;34.9;163
15;1;1900;23882;34.3;160
22;2;1922;40720;12;33.6
4;1;1963;179576;28.9;135
4;1;1912;39687;36;168
18;1;1942;117678;15;51
28;2;1910;13044;28.8;119
23;2;1900;6880;32.7;153
19;1;1960;206945;34;158
4;1;1930;86553;30;140
12;1;1902;44268;11;28.5
29;1;1927;60610;31.3;146
3;1;1912;82938;18;67
18;1;1951;89300;15;51
30;1;1924;127000;24;99
19;1;1940;106000;34;158
6;2;1910;15500;32;149
9;1;1917;212000;35;163
23;1;1927;109012;33.8;157
15;1;1900;18700;28.3;132
19;1;1929;110934;32;149
17;2;1930;13925;12.82;27.2
4;1;1923;65656;32;149
7;1;1966;199526;25;53
6;2;1910;9920;31;144
4;1;1925;17740;34;158
9;1;1927;100056;30;140
2;0;1916;22170;23.46;97
12;1;1920;50986;14;29.6
17;1;1963;157728;14.74;31.3
1;1;1925;57728;42.2;208
34;1;2005;98107;26.6;110
5;2;1910;9885;37.4;174
17;2;1900;13493;12.82;27.2
18;2;1940;50655;15.47;52
4;1;1928;92216;32;149
20;0;1902;33080;32;149
4;1;1963;296940;31.5;147
29;0;1909;34689;33.7;157
12;1;1910;29520;13;27.6
7;1;1926;69125;26;108
4;1;1930;9605;36;168
13;1;1940;60642;21.22;88
26;1;1935;1396625;13.75;42.8
3;1;1925;33750;26;108
4;1;1961;109262;29;135
2;0;1908;45240;32.1;149
4;1;1928;41600;34;158
7;1;1926;107243;24;100
5;1;1900;52200;30.2;141
20;0;1906;50672;32;149
10;2;1905;15370;18.14;38.5
18;2;1913;17615;14;29.7
19;1;1928;128798;32;149
3;1;1913;160764;20;75
15;1;1938;57606;28.6;133
4;1;1928;62789;35;162
23;1;1964;253489;34;158
7;1;1922;112000;24;99
15;1;1889;46620;32.1;149
3;1;1924;158615;20.5;77
5;2;1910;10055;39.8;195
15;0;1902;23650;33.6;156
19;1;1960;13872;31;144
2;1;2006;45000;46.7;229
9;1;1916;160203;36;168
27;2;1940;15000;34;159
5;1;1910;10000;35;163
26;3;1900;12325;32.2;150
4;1;1928;48600;34;158
7;1;1910;121313;23;96
15;2;1910;10800;37;79
5;2;1915;15798;39.9;196
26;2;1920;8085;21.7;46
3;2;1930;17860;23;54
23;1;1922;78983;34.2;160
27;2;1900;14376;33;70
28;2;1920;65585;28.9;120
29;2;1920;9435;33.4;71
11;1;1900;54824;15.04;51
31;0;1920;29610;28.9;120
1;1;1930;90247;33;154
4;2;1910;8020;34;158
15;0;1938;126134;34.9;163
5;2;1900;9700;38.1;188
1;1;1959;146061;33;153
6;1;1940;24426;29;135
19;1;1955;336543;32;149
28;2;1900;12074;34.3;160
18;1;1920;92430;15;51
23;1;1962;44912;35;163
25;2;1930;7250;37.2;174
13;1;1926;28668;20.74;77
17;1;1940;39888;11.42;24.22
5;0;1900;50962;35.3;164
28;2;1910;10154;22.5;47.7
7;1;1920;25288;25;104
22;2;1925;21270;15;51
4;2;1980;13320;38;177
23;1;1955;91745;34;158
19;1;1939;42000;35;163
15;1;1930;49816;32.1;150
12;1;1940;42528;14;29.6
12;2;1890;15820;12;25.5
1;1;1954;79092;35;163
4;2;1910;8935;33;153
12;1;1920;67254;13;27.5
2;1;1923;51113;38.2;187
17;1;1925;24355;14.29;48.5
28;2;1900;7986;36.5;170
16;1;1941;106983;15.22;52
2;1;1960;131126;38.1;188
4;2;1920;8870;32;149
5;1;1920;13484;32.3;151
14;2;1900;12750;35;163
9;1;1950;676308;36;167
12;2;1900;12510;16;33.9
2;0;1900;55065;32.7;152
3;2;1915;9619;23.5;97
30;1;1927;142283;45.5;223
7;1;1920;96627;23;95
6;2;1910;8550;31;144
26;1;1955;923000;22;91
7;2;1921;12090;37;172
23;1;1984;14575;35;163
9;1;1926;60300;35;163
4;1;1910;32690;37;172
6;2;1901;9645;31;144
11;2;1900;19200;14.57;30.9
2;1;1910;36366;33;154
14;1;1920;32028;34;158
3;1;1920;31590;26;108
4;2;1920;10975;41;201
19;1;1960;37732;35;163
1;1;1975;5026701;22.7;94
7;1;1925;73987;25;104
3;1;1923;61779;16;54
20;0;1906;48991;32;149
4;2;1925;8878;32;149
5;0;1920;19032;35.2;164
7;1;1929;77188;24;99
21;1;1957;155000;31;145
1;1;1924;160890;34.1;158
22;1;1913;23538;12;25.4
12;1;1920;18600;14;43.6
7;1;1928;152016;25;103
30;1;1925;90425;35.5;166
11;2;1925;6850;15.99;33.9
19;1;1927;73800;36;168
19;1;1960;431730;35;163
19;1;1979;28158;39;182
2;2;1870;12632;42;206
1;1;1924;71928;33.4;156
22;1;1916;52950;16;34
4;2;1920;8589;41;201
7;1;1940;168982;25;104
7;1;1930;32725;28;116
11;1;1926;93857;19.29;72
23;1;1957;149786;34;159
26;2;1920;18753;19.75;41.9
20;1;1930;140000;34;159
21;1;1924;43796;34;158
1;1;1923;39581;35;163
23;1;1984;114407;33.2;155
13;1;1905;36623;25.4;105
15;2;1900;6072;31.3;146
15;1;1902;25123;31.8;148
20;1;1964;350000;32;149
7;1;1914;83329;25;104
1;1;1961;88198;32.9;153
27;1;1920;12300;45.3;222
15;0;1911;52543;31.4;146
9;2;1900;9603;41;201
20;1;2005;119136;42;206
2;1;1905;64218;32.7;152
1;1;1924;56126;34;158
14;3;1920;26058;45;221
22;1;1914;63084;12;25.4
7;1;1913;136062;26;108
7;1;1910;31760;24;99
23;1;1964;175000;34;158
28;2;1929;6175;38.5;82
14;0;1900;51925;36;168
30;2;1920;10570;32;149
7;1;1930;27986;28;116
5;2;1946;7470;38.8;190
7;1;1929;46800;22;91
1;1;1922;107034;38;177
19;1;1930;93999;30;139
5;1;1930;20370;32.4;151
14;2;1900;11628;35;163
1;1;1916;141978;42.2;207
7;1;1926;55120;29;120
7;1;1925;128194;24;99
4;1;1930;230940;30;140
3;1;1940;159770;22;91
5;2;1920;8125;38.2;187
26;2;1920;9850;23.25;49.3
1;1;1925;132926;44.3;217
2;1;1925;45248;32.9;153
10;1;1905;37038;11.89;25.2
13;1;1910;33696;25.2;104
35;2;1920;7545;26;108
11;1;1918;84612;19.29;72
26;1;1929;216200;28.9;120
9;1;1905;64899;36;168
11;1;1926;132877;19.29;72
12;1;1910;38925;12;33.7
1;1;1930;74726;33;154
2;0;1908;75165;32.2;150
16;1;1925;52332;15;51
5;1;1925;19700;35.5;165
36;1;1965;306862;36;168
3;1;1945;37572;30.5;142
1;1;1962;62920;30;140
4;2;1940;8675;36;167
12;1;1900;19400;14;29.7
9;1;1906;42857;33;154
4;1;1955;28000;33;154
28;2;1900;10800;27.7;115
9;1;1950;33880;33;154
9;1;1930;195491;36;168
4;1;1930;56017;32;149
34;1;1961;992000;16.76;35.5
4;1;1920;15030;30;64
15;1;1983;11852;32.9;154
4;1;1927;104445;34;158
13;1;1926;58560;17.55;66
19;1;1964;243425;37;173
4;1;1981;232400;30;140
7;1;1948;56778;23;95
4;1;1940;166742;32.4;151
30;1;1964;65000;30;140
5;2;1910;17217;38.9;191
1;1;1959;190358;33.5;156
2;2;1846;27308;41;201
5;1;1987;60000;39.2;192
4;1;1925;136240;31.4;146
12;1;1910;17862;17;36.1
28;2;1910;10184;22.5;47.7
7;2;1910;8920;34;158
7;2;1900;20945;26;55
4;1;1929;114640;30;140
23;1;1932;218364;34;158
28;2;1923;19632;40.5;199
30;2;1930;9535;33;70
25;2;1950;25259;35;163
14;0;1900;32921;30;140
1;1;1950;306573;38.1;187
7;1;1927;43896;28;116
9;1;1905;142894;35;163
7;2;1890;11700;36;168
3;2;1920;9640;19.5;73
20;0;1905;57115;31;144
5;2;1915;8125;38.2;187
7;1;1920;39843;22;91
4;1;1957;97755;33;153
1;1;1928;63229;34;158
4;1;1915;21875;34;158
15;2;1920;11150;35.9;167
28;2;1900;10800;28.2;117
19;1;1962;108131;29.3;137
26;2;1925;14425;34.4;160
4;1;1924;65434;36;168
15;0;1920;22998;33;154
2;1;1961;82483;35;162
4;1;1925;66983;32;149
7;1;1930;325873;29;120
22;2;1909;15370;15;31.8
2;1;1960;651391;34.8;163
4;1;1973;138875;28.9;135
26;1;1960;986641;20.9;78
22;2;1923;21705;18;67
15;1;1900;26400;32;149
3;2;1925;9546;23.5;55
4;1;1973;364623;33.4;156
4;2;1910;7290;32;150
7;1;1910;19450;23;95
4;2;1920;8825;42;206
28;2;1900;15086;29.8;63
15;1;1920;18700;28.3;132
7;1;1917;150033;23;95
4;1;1910;23948;35;163
1;1;1928;81622;33;153
1;1;1960;170106;31;145
14;1;1920;30000;33.5;156
4;1;1955;312550;36;168
9;1;1926;147001;34;159
27;2;1920;21178;35.6;166
20;1;1925;11380;34;158
4;1;1962;309204;35;82
9;1;1927;53427;34;158
17;2;1940;34560;15.94;33.9
7;1;1915;69148;26;108
4;1;1954;78700;32;149
22;2;1910;17466;14;29.7
9;1;1930;61568;36;167
4;1;1905;25800;35;163
20;0;1910;48685;32;149
4;1;1915;57491;33;154
16;2;1925;17410;13;27.6
1;1;1963;560525;29.9;139
27;2;1910;8536;35.4;165
4;1;1961;120034;34;158
1;1;1949;153525;33;154
15;2;1910;8445;35.3;165
32;1;1941;80000;35;163
7;1;1928;156303;23;95
9;1;1913;114150;32;149
4;1;1928;9704;36;168
6;2;1910;10050;31;144
2;1;1900;18616;37.3;174
11;2;1920;18884;14.57;30.9
4;1;1928;218907;29;135
29;0;1925;50968;31.4;146
17;1;1900;156986;14.08;43.8
4;1;1980;50874;35;163
2;0;1908;30378;36.2;169
32;2;1910;7220;33;154
2;0;1910;33923;34.8;162
14;1;1920;23628;35.3;164
4;1;1928;120835;30;140
3;1;1921;35040;30.5;142
5;1;1920;81040;33.3;155
1;1;1910;106163;41.2;203
13;1;1926;65496;17.55;66
12;2;1926;12650;16;33.9
17;2;1920;10870;20.25;43
7;1;1931;349342;26;108
28;2;1900;15308;32.2;150
18;2;1928;47825;11.5;32.4
28;2;1901;23172;29.3;62
15;1;1913;32718;32.1;149
19;1;1927;65142;30;140
4;1;1925;156287;26.3;109
7;1;1913;140076;23;95
2;2;1900;14196;42.3;208
30;1;1963;101278;34;158
29;0;1925;74100;31.7;147
9;1;1925;109069;36;168
9;1;1948;22400;31;144
4;1;1962;94404;32;149
21;1;1924;34900;33;154
4;1;1928;109157;29;135
2;1;1930;55800;45;220
23;1;1940;127089;34;158
22;1;1926;78425;12;33.7
9;1;1902;59431;29;135
4;1;1961;153347;30;140
4;2;1920;8700;32;149
15;1;2003;95656;32.4;151
25;1;1945;16200;36.7;171
17;1;2004;29387;14.18;44.2
9;1;1922;28168;42;206
4;1;1987;218170;40;196
12;2;1920;19662;12;25.4
1;1;1959;117958;33;153
30;2;1920;9545;33;70
15;0;1909;49664;33.2;155
4;1;1912;145230;30.4;142
4;1;1929;40053;35;163
1;1;1917;173024;33;154
4;1;1928;61300;37;173
4;1;1915;128388;34;158
1;1;1907;59928;34;158
30;1;1962;418114;31;144
4;1;1980;25010;38;177
23;1;1916;40966;35.4;165
12;2;1910;16020;12;25.5
17;1;1917;158081;10.88;23.09
4;1;1917;59948;29.3;136
27;1;1910;22625;33;154
18;1;1920;75522;15;51
17;2;1920;25986;14.14;30
15;1;1927;32384;29.6;138
17;1;1985;212250;12.08;33.9
19;1;1960;247000;31;145
27;1;1920;25068;40;196
12;2;1920;24275;15;31.8
12;2;1910;22272;15;31.8
15;1;1963;247986;31;144
28;2;1920;17610;23.3;49.4
15;1;1925;20456;35.2;164
23;1;1975;329706;34;158
17;2;1910;9423;20.85;44.3
1;2;1910;7016;50;245
5;2;1900;12750;34;72
18;1;1916;56418;15.43;52
30;1;1968;122071;35;163
4;1;1925;33580;31;144
14;0;1900;20700;34;158
4;1;1928;81133;31;144
5;2;1900;13685;37.3;174
30;1;1941;98493;35.5;165
18;1;1910;46818;15;51
4;2;1930;8345;36;168
4;1;1967;43900;30;140
25;0;1913;55049;35.4;165
4;1;1925;69585;31.9;148
9;1;1930;56245;35;163
4;1;1960;190640;31.4;146
7;2;1910;7288;34;158
4;1;1901;47855;31;144
4;1;1927;37854;35;163
19;1;1931;179213;29;135
23;1;1924;72659;35.2;164
7;1;1925;97476;25;104
25;1;1964;358898;32;149
14;1;1966;172836;36;168
17;1;1926;25074;15.68;33.3
25;1;1951;84851;35.2;164
22;2;1910;15370;15;31.8
1;1;1908;134342;32;149
7;1;1928;59544;26;108
21;1;1908;122801;36;168
28;2;1910;18288;22.5;47.7
10;2;1910;15370;18.14;38.5
7;1;1931;109451;24;100
16;1;1937;31140;15;51
27;2;1920;19299;37.5;175
27;1;1920;9585;36;168
16;1;1966;78130;14;43.6
12;1;1910;76250;13;40.5
15;2;1900;14626;30.1;140
15;0;1909;53298;31;144
16;2;1916;18520;13;40.5
4;1;1925;63686;26;108
32;1;1975;265541;31;66
36;1;1915;17056;34.5;161
17;1;1926;64869;11.94;25.3
19;1;1959;60043;34;158
15;2;1900;10250;28.3;117
18;1;1920;43536;15;51
27;2;1900;21178;32.1;150
1;1;1962;194856;32.4;151
3;2;1900;9705;21;87
4;1;1910;19986;36;168
4;1;1927;59149;34;158
28;2;1900;8214;28.5;118
1;1;1960;166078;29.3;137
1;1;1930;273583;36;168
12;2;1900;12585;16;33.9
5;2;1910;5610;30.3;141
2;1;1965;261940;34.7;162
15;1;1925;39455;30;140
1;2;1910;9000;43;211
4;1;1930;244935;28.9;135
28;2;1920;15864;26;55
28;2;1900;8055;25.7;55
16;1;1940;47180;15;51
9;1;1925;85836;34;158
17;1;1957;225667;14.35;48.3
1;1;1924;67162;40.1;197
7;1;1926;245676;31;144
4;1;1971;211406;32;149
22;2;1910;15175;15;31.8
25;1;1963;136191;33;153
30;2;1930;9090;36;167
1;1;1920;55758;34;158
30;1;1924;9816;29;135
17;1;1970;449973;13.51;28.7
18;1;1940;82536;15;51
1;1;1948;322346;39.1;192
4;1;1913;47537;34.5;161
1;1;1926;183101;41.7;205
1;1;1960;326054;33;154
5;2;1915;23720;36.7;171
1;1;1975;700000;35;74
4;1;1922;77858;32;149
11;2;1900;11695;18.35;38.9
4;2;1910;8150;38;177
2;1;1923;168806;40.9;201
25;1;1935;49015;35.2;164
32;1;1965;189616;38;177
11;2;1900;11052;18.35;38.9
2;1;1964;139566;35.8;167
25;1;1956;170000;33.5;156
1;1;1932;90700;33;153
23;1;1938;14912;35.2;164
7;1;1910;32067;22;91
4;1;1960;126440;29;135
2;1;1962;100315;33.9;158
15;1;1930;101221;30;139
23;1;1924;58841;35;163
30;1;1923;75600;32;149
1;1;1917;101056;33;153
18;1;1920;52616;15;51
4;1;1920;12778;43;211
9;1;1928;43820;34;158
17;1;1930;36252;16.73;35.6
19;1;1929;127293;29.6;138
17;1;1915;47534;11.94;25.2
4;1;1929;213729;28.9;135
19;1;1928;105000;33;153
22;1;1915;50412;16;54
1;1;1947;77953;33;154
9;1;1925;127961;29;135
6;2;1900;21225;28;116
15;2;1905;7100;35.2;163
4;1;1930;165364;26.8;111
17;2;1920;17470;15.66;53
19;1;1931;195000;33;154
15;1;1900;32930;28.1;116
1;1;1960;148485;32;149
15;0;1918;32862;30.4;142
22;1;1920;167821;15;31.8
3;2;1926;12440;30;70
1;1;1926;55760;42.2;208
28;2;1939;10896;34;159
27;2;1920;16251;37.5;175
15;1;1900;6680;31.4;146
24;1;1960;46500;34;158
9;1;1929;209355;34;159
1;1;1930;31211;41;201
9;1;1928;186100;35;163
4;1;1940;43602;31;144
5;2;1910;9415;38.2;188
16;1;1937;38505;15;51
30;1;1940;307549;35.5;166
19;1;1977;300080;42;206
26;1;1964;287175;19;40.4
2;0;1912;41384;36.2;169
23;1;1955;65532;38.1;188
11;2;1940;9540;18.35;38.9
4;2;1920;8805;38;177
2;1;1966;212832;35;74
33;1;1900;111685;28.9;120
9;1;1907;122273;41;201
15;1;1963;817041;28.2;117
2;1;1959;71215;42;206
1;1;1927;84823;33;153
5;2;1910;8735;34;158
1;1;1920;94479;39;192
2;1;1930;102024;39.2;192
9;2;1900;7813;40;196
13;1;1910;64068;17.55;66
12;2;1915;12240;16;33.9
27;2;1920;14897;37.1;173
7;1;1923;68072;25;104
1;1;1925;25398;35;163
16;1;1935;82272;14;43.6
9;1;1910;41106;31;145
17;2;1921;10962;12.82;27.2
22;2;1915;15347;15;31.8
23;1;1966;129964;34;159
5;1;1961;137882;32.6;152
18;1;1923;60780;15;51
13;2;1901;24248;20.94;78
4;1;1925;107547;29.3;137
1;1;1920;49000;42.2;208
4;1;1928;89264;30;140
4;1;1917;50700;30.4;142
14;0;1880;125590;36;168
1;1;1922;104075;34.5;160
27;2;1900;10400;31.3;66
17;2;1901;17255;17.54;37.2
23;1;1923;37262;35.2;164
16;1;1939;85740;14;43.6
7;1;1931;64429;28;116
22;2;1910;15175;15;31.8
7;1;1925;43404;35;163
19;1;1929;58377;31;144
1;1;1965;132445;30.4;141
23;1;1924;35734;35.3;164
22;1;1920;60072;10.35;26.8
9;1;1925;93100;35;163
17;2;1920;10484;20.25;42.9
2;0;1900;86332;41.7;205
15;1;1910;8900;39.3;193
7;1;1914;59408;28;116
20;0;1915;23261;33;154
19;1;1925;73095;31;145
28;1;1900;19200;32.9;153
23;1;1955;30662;35;163
17;2;1920;12705;16.01;33.9
3;1;1929;21900;24.5;101
1;1;1920;12214;40;196
23;1;1974;107504;34;158
23;1;1930;10275;35;164
0;1;1927;168176;35.8;166
4;1;1971;391194;32;149
9;1;1965;44975;33;154
19;1;1926;29040;35;163
9;1;1930;384336;36;168
1;1;1956;238293;28.8;134
16;1;1964;208415;15;31.8
21;1;1916;111310;32;149
13;1;1926;27498;20.74;44
28;1;1973;173220;26.3;56
1;1;1962;139000;29.3;137
1;1;1940;15910;36;168
4;1;1970;363388;34.5;161
7;1;1924;80328;28;116
1;1;1962;115306;30;140
4;1;1928;107788;31;145
28;2;1900;18216;31.5;147
5;2;1900;8375;34;72
29;0;1910;55870;30;140
1;1;1955;84965;33;154
37;1;1977;1217600;29.8;139
15;2;1905;20050;34.9;163
15;2;1910;7992;30;140
4;2;1910;8150;38;177
3;1;1910;69485;16.5;56
9;1;1940;27176;31;144
17;2;1900;10460;12.82;27.2
25;1;1958;111396;32;149
9;1;1926;62487;29;135
7;1;1928;207126;30;140
3;1;1915;116520;19;71
18;2;1922;28775;14;29.7
4;2;1910;10830;33;153
4;1;1915;10439;41;201
11;2;1900;9645;18.35;69
3;1;1940;41520;18.5;69
1;1;1927;71697;39;191
26;1;1966;1191180;17.5;37.1
19;1;1963;68225;33;154
5;2;1920;12290;36.6;171
4;1;1926;142708;46.9;230
28;2;1950;11611;29.8;63
9;1;1913;55382;35;163
7;1;1925;81066;25;103
14;0;1900;69928;30;140
9;1;1926;62403;30;140
19;2;1910;12805;35;163
1;1;1929;82306;35;163
3;1;1940;111359;18;67
31;1;1915;26531;32.1;150
5;1;1962;91500;33.9;157
31;0;1910;28500;34.2;159
4;2;1925;8145;33;153
17;2;1920;25986;14.14;30
2;1;1961;235875;36;168
4;2;1920;9212;36;167
9;1;1925;82662;34;158
4;2;1910;9250;37;172
28;1;1940;55947;28.5;118
21;1;1960;135841;32;149
8;1;1928;121369;23;96
26;1;1925;27299;25.5;54
13;1;1907;28860;20.74;78
28;1;1920;27500;25;53
7;1;1928;75686;20;83
18;1;1951;316007;13;40.5
4;1;1925;116270;31;144
4;1;1920;16800;43;211
1;1;1924;16870;43;211
9;1;1918;50590;25;104
17;1;1921;49951;13.77;29.2
23;1;1916;39100;35;163
1;1;1910;13040;38;177
3;2;1910;8735;23;54
1;1;1962;147121;29.4;137
15;0;1910;20026;30;139
1;1;1957;35532;33;154
16;1;1972;461475;10.62;22.54
1;1;1960;184500;33.5;156
19;1;1957;90089;30;140
27;2;1920;6024;37;173
14;0;1925;32738;34;158
28;2;1900;13553;23;48.8
36;1;1915;88320;32.8;153
10;2;1910;13170;14.74;49.8
7;2;1910;11850;31;144
1;1;1938;86988;33;154
18;2;1923;28705;14;29.7
1;1;1963;174779;33;154
12;1;1910;22518;13;27.6
5;2;1900;12962;31.6;147
7;1;1929;108666;23;96
6;2;1930;21090;28;116
4;1;1942;71000;29;135
23;1;1942;50796;34;158
7;1;1950;89840;30;140
1;1;1927;196910;40.1;197
4;1;1916;80405;34;158
35;0;1900;73332;40;196
29;0;1929;72877;32.6;152
22;2;1910;15370;15;31.8
22;2;1906;13700;13.16;27.9
15;1;1928;33900;29.1;135
20;0;1900;91000;34;158
28;2;1930;10698;31.4;146
4;1;1930;199625;37;172
5;2;1910;14166;37.8;176
18;1;1920;34108;15;51
9;1;1917;84062;37;172
25;1;1930;72501;35.2;164
3;1;1911;94804;18;67
18;1;1940;58242;15;51
1;2;1930;15192;42;206
7;1;1917;74817;25;104
19;1;1961;95977;31.4;146
10;2;1910;12640;13;27.5
12;2;1910;14500;16;33.9
19;1;1930;77102;30;140
1;1;1963;134070;33;154
15;0;1898;26270;33.5;156
18;1;1963;271388;13;27.6
30;2;1920;14235;31;145
4;1;1928;208788;29;135
1;2;1910;8000;41;201
36;1;1890;49000;25;103
7;2;1921;38800;30;140
4;1;1920;19818;36;168
7;1;1911;100400;26;108
17;2;1920;11180;12.82;27.2
15;2;1910;10800;37;79
4;1;1925;174910;33;154
7;1;1969;193107;25;53
25;1;1910;75379;33.3;155
23;1;1960;61839;34;158
17;2;1932;34689;18.35;38.9
1;1;1959;208800;32.5;151
7;1;1925;148380;31;144
1;1;1920;13757;44;216
1;1;1907;134467;30;140
9;1;1923;47551;30;140
25;1;1900;13675;35;163
7;2;1930;16134;24;99
14;2;1920;13786;35;163
3;1;1920;20272;27;112
25;1;1928;71151;38.3;188
1;1;1924;64234;43.2;212
18;2;1950;47550;11.5;32.4
4;1;1920;21408;38.1;187
22;1;1909;68160;11.5;24.35
29;0;1928;69649;26;108
5;1;1956;45426;36.3;169
15;2;1920;21304;32.9;153
9;1;1920;61908;44;216
18;1;1928;56686;15;51
15;1;1920;42532;25.9;120
18;1;1920;86352;15;51
14;2;1920;15138;35;163
1;1;1938;113150;34.5;161
22;1;1946;44574;13;40.4
12;2;1926;11215;15;31.8
27;2;1900;9365;32;68
15;2;1920;9735;32.9;153
28;2;1923;9100;27.4;58
4;1;1961;130234;35;163
7;1;1900;24941;26;108
5;2;1900;10956;37.4;174
27;1;1930;14022;38.3;188
2;0;1896;74859;32.7;152
17;2;1910;22475;16.05;34
4;1;1959;86612;32;149
4;2;1920;10465;40;196
3;1;1908;28224;23;95
4;1;1925;70820;30.4;141
9;1;1965;177041;36;168
7;1;1922;64865;28;116
4;1;1961;210988;32;149
4;2;1910;8145;34.5;161
1;1;1948;161000;39.1;192
5;1;1960;127072;33.8;157
15;2;1901;11330;34;158
4;1;1950;44310;35;163
4;1;1928;37099;34;158
27;2;1900;10512;37;78
7;2;1910;7224;34;158
5;1;1930;16986;33.6;157
3;2;1920;12792;17;64
4;1;1973;384646;32;149
9;1;1925;54105;36;168
4;2;1920;7260;35;163
4;1;1939;48000;31;144
17;2;1910;13590;18.77;39.8
3;1;1910;53085;20;75
4;1;1930;181011;25.7;107
1;1;1927;202841;32.4;151
27;2;1920;11054;36.2;169
4;1;1926;48387;34;158
4;1;1942;71000;29;135
14;0;1910;40000;29.5;189
4;1;1938;131549;29;135
3;1;1931;128461;18.5;69
29;0;1912;73668;33.1;155
14;1;1963;33100;40;196
34;2;1910;11275;18.05;38.2
19;1;1931;102422;29;135
15;0;1918;66636;27.8;115
7;1;1966;177679;28;131
4;1;1942;71000;29;135
4;1;1962;97893;36;168
7;1;1908;25272;31;144
4;1;1930;93389;34;158
4;1;1912;13972;38;177
2;0;1910;29600;35.5;165
1;1;1910;30800;38;177
5;2;1900;6730;37.9;177
4;1;1926;121642;32;149
15;0;1913;77615;32.2;149
4;1;1916;37030;36;168
7;1;1917;36265;25;104
4;1;1902;68992;31;144
7;1;1936;39192;22;91
4;1;1929;129350;34;158
1;1;1924;69227;33.4;156
7;1;1931;352821;24;99
6;2;1901;7920;32;149
4;1;1924;51744;33.4;156
5;1;1961;168332;29.7;138
14;1;1910;19302;25;104
6;1;1939;17415;29;135
23;1;1963;204638;34;158
19;1;1950;45000;27;112
3;1;1926;62605;25;104
17;2;1910;13525;16.01;33.9
23;1;1910;16290;35.3;165
7;1;1936;44094;22;91
1;1;1937;89281;33;153
24;2;1910;9060;28.7;61
2;1;1964;419400;38.4;189
25;1;1920;6233;33;154
1;2;1910;8805;42;207
19;1;1931;67167;31;144
25;1;1909;80000;33.8;158
3;1;1929;197170;23;95
12;2;1926;12650;16;33.9
9;1;1931;126811;32;149
15;2;1900;8525;37;172
22;1;1925;59805;16;54
23;1;1927;28617;35.5;165
31;1;1919;73954;32.5;151
19;1;1928;89349;30;140
7;1;1916;47354;22;91
7;1;1925;55404;21;87
17;2;1909;10005;11.47;32.3
28;2;1900;10728;26;55
19;2;1901;11125;38;177
16;1;1939;87400;14;43.6
4;2;1920;9215;47;231
25;1;1925;31283;35.8;167
1;1;1926;67465;37.5;175
14;0;1900;51180;40;195
12;2;1920;13195;16;34
19;1;1920;18939;30;140
19;1;1942;21000;36;168
4;2;1939;25190;34;158
4;1;1915;32145;35;163
5;2;1939;118350;23.02;48.8
30;1;1923;37571;31;145
17;1;1920;21408;11.74;24.9
1;1;1930;142110;33.4;156
7;1;1926;123411;25;104
1;1;1963;107600;32.9;153
28;2;1900;17868;27.6;59
3;1;1905;32575;20;75
5;2;1900;19210;37;172
29;0;1915;95402;24.63;102
12;2;1930;20787;15;31.8
14;0;1900;46741;30;140
1;2;1910;7500;46;225
1;1;1964;168680;31.4;146
7;1;1924;52194;25;103
22;1;1920;74879;12;25.4
7;1;1922;203436;25;104
13;1;1926;55062;23.4;49.6
2;0;1900;40607;35;163
4;1;1912;81125;31.9;149
16;1;1925;41176;15;51
14;0;1918;43500;36;168
28;2;1910;14508;36.3;169
2;1;1960;31540;41.5;204
1;1;1962;72930;35;163
28;2;1900;17761;36.6;171
11;1;1890;35376;22.33;92
20;0;1904;32800;32;149
7;1;1910;18078;28;116
9;1;1931;617569;33;154
7;1;1920;53478;21;87
2;1;1924;65028;33.4;155
1;1;1959;119000;33;154
18;1;1930;58008;15;51
7;1;1927;238548;28;116
26;2;1900;20798;22.2;47.1
14;0;1926;55352;26.9;111
19;1;1925;29376;38;177
26;2;1920;20837;31.6;147
4;2;1920;8540;32;149
4;1;1912;96379;31.4;146
26;2;1900;12166;29.4;62
3;2;1900;28148;20.5;48
14;2;1920;9433;36;167
4;2;1920;8589;41;201
6;2;1910;9970;31;144
4;1;1924;31266;35;163
16;1;1952;62964;14;43.7
20;0;1909;31272;33;154
1;1;1961;162750;33.4;156
4;1;1930;22800;37;172
5;1;1915;29725;36.3;169
3;1;1923;150429;19.5;73
2;2;1900;13070;42.1;207
5;2;1900;9900;38.4;189
3;1;1920;96318;20;75
9;1;1942;32940;31;145
14;0;1920;24900;30;140
12;1;1910;29520;13;27.6
12;1;1909;33220;12;33.7
23;1;1957;77193;35;163
28;2;1935;15986;24;99
8;1;1925;52000;34;158
25;1;1910;17934;36.2;169
1;1;1925;87024;37;172
25;1;1940;50000;35;163
11;2;1920;11670;18.35;38.9
12;2;1910;16686;20;75
10;2;1910;13170;14.74;49.8
4;2;1930;8345;36;168
1;1;1910;19376;39;191
25;2;1900;11935;29;61
15;2;1900;8525;37;172
4;1;1924;62598;33.4;156
5;2;1900;19725;39.3;193
3;1;1926;95175;18;67
4;1;1950;17740;35;163
26;2;1920;18120;29;61
4;1;1927;128811;28.9;135
16;1;1949;44283;15;51
3;2;1910;9155;19.5;73
1;1;1959;182015;33;154
4;1;1937;160357;26.7;111
9;1;1925;143554;33;154
20;0;1905;69823;30;140
12;2;1920;3867;15;35.2
1;1;1951;72792;31.4;146
30;2;1920;11071;35;163
9;1;1910;58266;35;163
9;1;1922;46118;30;140
15;2;1900;12475;36.9;172
7;1;1924;87573;25;104
5;2;1920;26110;31.6;147
3;1;1915;26424;23.5;97
19;1;1955;90000;30;140
9;1;1924;49327;33;154
22;2;1907;16790;14;29.7
1;1;1920;66962;34;158
15;1;1920;20748;32.1;149
29;0;1910;14439;36;168
9;1;1915;24596;35;163
3;1;1920;33200;30;140
4;1;1953;222200;29;135
17;1;1968;1487977;9.75;20.7
2;0;1909;43010;35.1;163
4;1;1900;51912;30;140
23;1;1924;23944;35.5;165
2;2;1900;17626;39;191
25;1;1920;26263;35.4;165
5;2;1900;9600;37.5;175
16;1;1937;44644;15;51
17;2;1906;17100;16.01;33.9
35;2;1900;7632;26;55
18;1;1939;29322;15;51
7;2;1910;11825;37;173
32;1;1964;392100;31;144
1;1;1927;154827;33.4;156
6;1;1900;60000;26;108
19;1;1963;369736;32;149
17;1;2001;138050;24.98;104
15;1;1910;11165;36.7;171
17;1;1966;756400;14.71;31.2
4;1;1920;42286;34;158
30;1;1912;43243;25;104
5;1;1920;58565;29.9;139
35;0;1911;54431;45;220
1;1;1963;143840;33;154
7;2;1910;5355;27;112
23;1;1906;41670;36;168
34;2;1910;9335;17.97;38.1
1;1;1937;188158;39.1;192
5;2;1915;5960;37.8;176
18;1;1939;179130;15;51
9;1;1913;56074;33;154
4;2;1925;9190;34;159
1;1;1968;246320;30;140
16;1;2005;104180;14.47;49
1;1;1959;120328;33;154
1;1;1940;54774;38;177
34;2;1910;8530;18.24;38.7
7;2;1900;11000;35;163
26;1;1949;532006;25;104
4;1;1928;38094;35;163
1;2;1910;23000;56;275
1;1;1962;195000;28.9;134
34;1;2004;59411;22.02;91
7;1;1929;238456;25;104
37;0;1920;93378;28.4;118
5;0;1911;22671;34.4;160
18;1;1963;142470;15;51
19;2;1900;6040;32;149
28;2;1900;17205;23;48.8
4;1;1922;112398;31;144
9;2;1910;11197;33;154
23;1;1963;82014;34;159
12;2;1905;12040;16;33.9
18;2;1960;40304;11.5;32.3
23;1;1925;9958;37;173
29;0;1936;24292;35;163
15;1;1910;127000;28.3;132
14;2;1900;9398;36;168
23;0;1913;45937;35.3;164
19;1;1928;91617;30;140
28;2;1910;33000;23;48.8
5;2;1900;6160;38.1;187
1;2;1920;16285;37;173
4;2;1925;10340;40;196
36;0;1920;38700;31.6;147
2;1;1923;38915;38.2;187
4;2;1910;9040;33;154
15;1;1960;12888;47.3;233
1;1;1900;8710;38;177
1;1;1964;35104;35;163
14;1;1900;42111;30.5;142
19;1;1962;155000;33;154
7;1;1967;95759;24;51
15;1;1977;47433;37.9;186
1;1;1966;206504;33.5;156
19;2;1920;6000;40;197
16;1;1939;63804;14;43.6
15;2;1900;7400;35.1;164
23;1;1930;26070;35.7;166
30;1;1930;28034;27;112
4;2;1910;8145;34;158
19;1;1957;35840;33;154
1;1;1927;83036;33;153
3;1;1930;94674;18;67
1;2;1900;98580;35;163
26;2;1920;9858;28.4;118
22;2;1930;30134;14;29.7
9;1;1911;70080;35;163
35;2;1900;7779;26;55
12;2;1926;17420;12;25.4
7;1;1920;48155;20;75
7;1;1920;19362;27;112
15;1;1928;62638;33.5;156
30;1;1910;8179;33;154
12;2;1900;17350;12;25.4
23;1;1954;32150;35.1;164
31;0;1915;51748;32.3;151
25;1;1961;116191;33;154
7;1;1907;67142;20;75
16;1;1925;74934;14;43.6
16;2;1918;43195;13;40.5
26;2;1920;10255;34;158
4;1;1929;87869;30;140
1;1;1966;128255;34;158
5;1;1952;71490;35;164
6;2;1910;12315;32;68
15;1;1926;120010;25;103
31;1;1920;48079;33.6;156
19;1;1931;290482;32.4;151
2;0;1895;64326;33;154
1;1;1962;236350;28.9;135
2;0;1910;43020;41.1;202
30;1;1903;64757;31;144
26;1;1964;124600;18.65;39.6
4;1;1927;164868;36;167
9;1;1925;95992;34;158
7;1;1921;43260;22;91
1;1;1929;141160;44.3;217
31;1;1930;77630;32.7;152
1;1;1928;196400;33;154
25;1;1931;120300;33.2;155
4;1;1942;71000;29;135
6;1;1940;17484;29;135
30;2;1910;9120;28;116
28;2;1910;16872;25.9;55
5;1;1930;50820;35.2;164
2;1;1900;38981;34.6;161
9;1;1929;172671;35;163
19;1;1928;110000;30.5;142
17;1;1901;65598;12.16;25.8
3;1;1924;109845;18;67
20;1;1965;430000;27;112
7;1;1914;59119;28;116
15;0;1905;41042;38.1;187
27;2;1900;9794;31.2;66
15;1;1901;11000;34.1;159
1;1;1923;60748;34;158
30;2;1920;10035;40;85
18;1;1951;210468;13.11;40.8
1;1;1936;88955;33;154
14;1;1962;47100;36;168
7;1;1914;70744;26;108
9;1;1930;231733;40;196
10;2;1905;19872;18.51;39.3
5;2;1930;11578;38.9;191
34;2;1910;9600;17.97;38.1
9;1;1902;130410;35;163
9;1;1910;10934;34;158
15;2;1900;10500;28.1;116
5;1;1963;262297;35.8;167
7;1;1929;99435;26;108
7;1;1925;66227;28;116
2;0;1900;79974;33.8;158
1;1;1940;19040;39;192
28;2;1900;8675;38;178
29;2;1920;10329;29;136
2;2;1900;10985;39;191
6;2;1900;13375;32;68
4;1;1959;242861;30.4;142
1;1;1930;117882;29;135
7;2;1926;34322;22;91
1;1;1915;9465;36;168
1;1;1927;171207;33;154
1;1;1924;54719;34;158
19;1;1958;510547;32.4;151
26;1;1949;299510;25.3;105
25;1;1962;275900;33;154
4;1;1923;50643;35;163
8;1;1926;153064;29;135
18;1;1923;71305;15;31.8
2;1;1941;54924;35;163
4;1;1910;18935;32;149
31;1;1915;19285;35.4;165
19;1;1927;90500;29.6;138
5;2;1880;5732;32.3;150
5;2;1911;9515;37.3;173
32;1;1959;30000;35;163
4;2;1925;9740;32;149
17;2;1926;12695;16.01;34
34;2;1900;32025;17.18;36.5
18;1;1939;80600;15;51
34;2;1930;19134;16.46;34.9
1;1;1972;114675;30;140
7;1;1925;280809;25;104
25;2;1900;9535;37;172
7;1;1931;150285;23;95
19;1;1959;154000;36;168
12;1;1920;31690;12;25.4
25;1;1910;14673;36;168
2;2;1930;11472;33.1;154
4;1;1930;76413;33.4;156
25;1;1976;126798;33;154
9;1;1909;118168;36;168
15;0;1898;33514;31;144
7;1;1913;83743;22;91
4;1;1948;112857;28.9;135
3;1;1974;362400;20;42.5
3;1;1925;23869;23.5;97
4;1;1916;64332;33;154
1;1;1929;81338;35;164
9;1;1925;107376;32;149
5;0;1915;25746;34.4;160
16;1;1937;50117;15;51
3;1;1930;100961;20;75
25;1;1963;69300;35.9;167
7;2;1910;18885;32;149
19;1;1968;539027;31.4;146
17;2;1920;12390;16.01;34
19;1;1959;118305;30.1;140
4;1;1924;51360;33;154
9;1;1923;71907;36;168
1;2;1910;9585;41;201
17;1;1925;26059;14.29;30.3
2;2;1900;23316;42;206
4;1;1928;68569;38;176
4;1;1926;38117;35;163
6;2;1910;10974;31;144
1;1;1910;86116;32;149
11;1;1920;28020;23.33;97
3;1;1929;204463;20;75
9;1;1907;124867;28;116
4;1;1928;31620;35;163
7;1;1914;69707;28;116
30;1;1908;62800;31;144
9;1;1920;44351;29;135
2;1;1926;41412;33.1;154
3;1;1917;77465;17;64
9;1;1924;75312;28;116
5;2;1910;10500;39;191
25;1;1964;186201;32.8;153
7;1;1926;123898;25;103
